mls_id,address,sale_price,sale_date,concessions,gla,lot_sf,garage,full_baths,half_baths,bsmt_fin_sf,bsmt_unf_sf,year_built,levels,subdivision,arms_length,new_construction,to_be_built
MLS0000,100 Test St,912900.0,2025-12-01,0,2950.0,9700.0,2,2,1,0,0,1976,3,Dunn Loring,1,0,0
MLS0001,101 Test St,768400.0,2025-12-08,0,2280.0,8000.0,2,3,0,800,300,1985,3,Vienna,1,0,0
MLS0002,102 Test St,906700.0,2025-03-16,0,3120.0,11300.0,1,3,0,800,0,2000,2,Dunn Loring,1,0,0
MLS0003,103 Test St,880300.0,2026-01-15,5000,2790.0,8900.0,3,2,1,800,300,1977,2,Dunn Loring,0,0,0
MLS0004,104 Test St,677500.0,2026-01-05,0,1590.0,6300.0,1,2,1,400,300,1990,3,Dunn Loring,1,0,0
MLS0005,105 Test St,936800.0,2026-01-09,5000,3350.0,9800.0,1,2,1,1200,0,1981,3,Vienna,1,0,0
MLS0006,106 Test St,843300.0,2025-02-10,0,2920.0,10300.0,2,2,0,400,300,2016,3,Oakton,1,0,0
MLS0007,107 Test St,858800.0,2025-09-02,0,2970.0,8000.0,1,2,1,800,600,1977,2,Oakton,1,0,1
MLS0008,108 Test St,581400.0,2025-08-13,0,1660.0,11200.0,2,2,1,400,600,1981,2,Vienna,1,0,0
MLS0009,109 Test St,668700.0,2025-02-17,0,2300.0,11100.0,2,3,1,0,0,1983,2,Vienna,1,0,0
MLS0010,110 Test St,738100.0,2025-05-02,0,2140.0,12300.0,2,2,0,800,600,1981,3,Vienna,1,0,0
MLS0011,111 Test St,4995.0,2025-08-30,5000,3250.0,11800.0,1,2,1,0,600,2000,3,Vienna,1,0,0
MLS0012,112 Test St,812400.0,2026-02-12,0,2690.0,11900.0,1,3,1,1200,600,1991,2,Vienna,1,0,0
MLS0013,113 Test St,951700.0,2025-05-10,0,3050.0,8800.0,2,3,1,800,300,2016,2,Dunn Loring,1,0,0
MLS0014,114 Test St,773800.0,2026-03-31,0,2290.0,13100.0,1,2,0,400,600,1986,2,Oakton,1,0,0
MLS0015,115 Test St,654100.0,2025-10-27,0,1850.0,10900.0,2,2,1,400,300,1999,3,Oakton,1,0,0
MLS0016,116 Test St,926400.0,2026-02-21,0,2510.0,9900.0,2,2,0,800,0,2004,3,Dunn Loring,1,0,0
MLS0017,117 Test St,632400.0,2025-09-16,0,1530.0,11600.0,2,3,0,400,0,2003,2,Dunn Loring,1,0,0
MLS0018,118 Test St,924900.0,2025-10-01,0,3060.0,9200.0,2,3,1,400,600,2010,2,Dunn Loring,1,0,0
MLS0019,119 Test St,915000.0,2025-12-06,0,2660.0,10600.0,2,2,0,400,0,1984,3,Dunn Loring,1,0,0
MLS0020,120 Test St,922400.0,2026-05-24,0,2920.0,12600.0,1,2,1,400,300,1997,2,Dunn Loring,1,0,0
MLS0021,121 Test St,766200.0,2025-09-27,0,2110.0,14000.0,1,2,0,1200,600,2011,3,Oakton,1,0,0
MLS0022,122 Test St,905500.0,2025-10-17,0,3340.0,14300.0,3,3,1,0,0,2013,2,Vienna,1,0,0
MLS0023,123 Test St,939700.0,2025-11-26,0,3190.0,10500.0,1,2,1,1200,300,2002,2,Oakton,1,0,0
MLS0024,124 Test St,897400.0,2026-02-09,0,2960.0,10700.0,2,2,1,400,0,2004,3,Vienna,1,0,0
MLS0025,125 Test St,676700.0,2025-02-09,0,1790.0,13200.0,2,2,0,800,300,2013,2,Dunn Loring,1,0,0
MLS0026,126 Test St,727400.0,2025-10-10,5000,2330.0,8800.0,2,2,0,0,0,2003,2,Oakton,1,0,0
MLS0027,127 Test St,572900.0,2025-09-21,0,1490.0,13500.0,2,3,0,400,600,2017,2,Vienna,1,0,0
MLS0028,128 Test St,651000.0,2026-05-20,5000,1710.0,10400.0,2,2,0,1200,0,1980,2,Oakton,1,0,0
MLS0029,129 Test St,794200.0,2025-09-28,0,2770.0,7000.0,3,2,1,400,600,1990,2,Oakton,1,0,0
MLS0030,130 Test St,789700.0,2025-09-14,5000,2890.0,6600.0,2,3,0,0,600,1980,2,Oakton,1,0,0
MLS0031,131 Test St,992100.0,2026-06-12,5000,3340.0,13600.0,2,3,0,800,600,1979,2,Oakton,1,0,0
MLS0032,132 Test St,646600.0,2025-09-04,0,2050.0,6500.0,2,2,0,0,600,1996,2,Dunn Loring,1,0,0
MLS0033,133 Test St,696400.0,2025-04-10,5000,2140.0,8500.0,2,2,0,400,0,1985,3,Vienna,1,0,0
MLS0034,134 Test St,797200.0,2025-04-29,0,2340.0,9000.0,2,3,1,400,600,1993,3,Dunn Loring,1,0,0
MLS0035,135 Test St,620400.0,2025-02-22,0,1780.0,7600.0,2,2,1,800,300,1994,2,Vienna,1,0,0
MLS0036,136 Test St,590300.0,2025-01-01,0,1660.0,8800.0,2,3,0,800,600,2002,2,Oakton,1,0,0
MLS0037,137 Test St,822200.0,2025-08-25,0,2350.0,12700.0,3,3,1,800,600,2017,2,Oakton,1,0,0
MLS0038,138 Test St,740500.0,2026-02-26,5000,1850.0,6100.0,1,3,1,1200,300,2013,3,Dunn Loring,1,0,0
MLS0039,139 Test St,861200.0,2026-02-06,0,2740.0,13400.0,2,2,0,0,300,1992,3,Oakton,1,0,0
MLS0040,140 Test St,780100.0,2025-01-18,0,2270.0,13700.0,2,3,0,400,0,1989,2,Dunn Loring,1,0,0
MLS0041,141 Test St,855500.0,2025-11-09,0,3070.0,9400.0,1,3,0,0,0,2009,2,Oakton,1,0,0
MLS0042,142 Test St,782100.0,2025-03-26,5000,2800.0,7400.0,1,2,0,0,300,1980,2,Vienna,1,0,0
MLS0043,143 Test St,713800.0,2026-05-31,0,2020.0,11400.0,1,3,0,0,600,1999,2,Dunn Loring,1,0,0
MLS0044,144 Test St,901900.0,2025-04-02,0,3060.0,7100.0,3,3,0,800,300,1994,3,Oakton,1,0,0
MLS0045,145 Test St,915300.0,2025-12-10,0,3010.0,9300.0,1,3,1,1200,300,1983,2,Oakton,1,0,0
MLS0046,146 Test St,791000.0,2025-06-28,0,2170.0,14600.0,1,2,0,1200,0,2002,2,Dunn Loring,1,0,0
MLS0047,147 Test St,740400.0,2025-12-18,0,1980.0,15000.0,1,2,1,800,300,1989,2,Oakton,1,0,0
MLS0048,148 Test St,806400.0,2025-08-14,0,2760.0,12900.0,1,3,0,1200,300,1983,2,Vienna,1,0,0
MLS0049,149 Test St,565400.0,2026-02-21,5000,1680.0,8800.0,2,2,0,0,600,2004,2,Vienna,1,0,0
MLS0050,150 Test St,661500.0,2025-05-07,0,1800.0,12200.0,2,3,1,1200,600,1982,3,Oakton,1,0,0
MLS0051,151 Test St,663600.0,2026-05-12,5000,1410.0,12300.0,2,3,1,1200,300,2005,2,Dunn Loring,1,0,0
MLS0052,152 Test St,929800.0,2025-10-02,5000,2970.0,9500.0,2,3,1,0,600,1982,3,Dunn Loring,1,0,0
MLS0053,153 Test St,851400.0,2026-02-19,0,2730.0,11800.0,3,2,0,400,300,1994,2,Oakton,1,0,0
MLS0054,154 Test St,907800.0,2026-04-11,0,2810.0,6100.0,1,3,0,1200,600,2011,3,Dunn Loring,1,0,0
MLS0055,155 Test St,931200.0,2026-07-02,0,2960.0,7900.0,3,2,0,400,300,1985,3,Oakton,1,0,0
MLS0056,156 Test St,770900.0,2025-05-03,0,2320.0,10700.0,2,3,0,1200,0,2009,3,Oakton,1,0,0
MLS0057,157 Test St,829700.0,2025-06-07,0,2540.0,7500.0,1,2,1,1200,300,2007,3,Vienna,1,0,0
MLS0058,158 Test St,717000.0,2025-05-18,5000,1680.0,7500.0,2,2,0,400,0,2015,3,Dunn Loring,1,0,0
MLS0059,159 Test St,620800.0,2025-05-25,0,1630.0,13500.0,3,3,0,0,0,1982,3,Oakton,1,0,0
MLS0060,160 Test St,902000.0,2025-11-16,0,2740.0,14900.0,2,3,1,400,600,2007,3,Oakton,1,0,0
MLS0061,161 Test St,769000.0,2026-06-29,0,2340.0,11000.0,3,3,0,0,600,2017,2,Vienna,1,0,0
MLS0062,162 Test St,824800.0,2026-06-27,0,2530.0,13600.0,2,2,0,400,0,2009,2,Dunn Loring,1,0,0
MLS0063,163 Test St,867000.0,2025-10-16,0,2930.0,14900.0,2,3,0,800,600,1983,2,Oakton,1,0,0
MLS0064,164 Test St,830800.0,2025-12-17,0,2670.0,7300.0,3,3,0,400,0,2011,3,Oakton,1,0,0
MLS0065,165 Test St,744800.0,2026-04-17,5000,2510.0,10000.0,2,3,1,0,0,1979,2,Vienna,1,0,0
MLS0066,166 Test St,883300.0,2026-05-27,5000,2520.0,9500.0,3,3,1,400,600,2001,2,Oakton,1,0,0
MLS0067,167 Test St,701600.0,2025-04-22,0,2010.0,6700.0,2,2,1,800,0,1997,3,Oakton,1,0,0
MLS0068,168 Test St,561100.0,2025-10-17,0,1460.0,12800.0,2,2,0,0,600,1998,2,Oakton,1,0,0
MLS0069,169 Test St,735100.0,2026-04-02,5000,2270.0,9900.0,2,3,1,0,600,1998,2,Vienna,1,0,0
MLS0070,170 Test St,635600.0,2025-06-16,5000,1830.0,10200.0,2,3,1,1200,0,1976,2,Vienna,1,0,0
MLS0071,171 Test St,761000.0,2025-08-29,0,2220.0,7400.0,2,2,0,0,0,1997,2,Dunn Loring,1,0,0
MLS0072,172 Test St,902300.0,2026-06-24,5000,3110.0,7600.0,2,2,1,400,600,2017,2,Vienna,1,0,0
MLS0073,173 Test St,658600.0,2026-06-24,0,1870.0,14200.0,1,3,0,0,300,1994,2,Vienna,1,0,0
MLS0074,174 Test St,592700.0,2026-05-12,0,1520.0,6400.0,1,3,1,0,300,1987,2,Dunn Loring,1,0,0
MLS0075,175 Test St,665100.0,2026-03-14,0,1960.0,8100.0,2,2,1,400,300,2019,2,Vienna,1,0,0
MLS0076,176 Test St,615300.0,2025-05-28,0,1990.0,8600.0,1,3,0,800,300,1979,2,Vienna,1,0,0
MLS0077,177 Test St,808300.0,2025-06-25,0,2720.0,10400.0,1,3,0,0,600,1996,3,Dunn Loring,1,0,0
MLS0078,178 Test St,775400.0,2025-10-27,0,2510.0,11300.0,2,2,0,0,300,1998,2,Oakton,1,0,0
MLS0079,179 Test St,859000.0,2025-11-04,0,2970.0,10400.0,2,2,1,0,0,1996,3,Vienna,1,0,0
MLS0080,180 Test St,868300.0,2025-10-04,0,2730.0,6800.0,2,3,0,800,300,2016,3,Dunn Loring,1,0,0
MLS0081,181 Test St,760300.0,2025-12-15,5000,2210.0,8200.0,2,2,1,1200,600,1993,2,Oakton,1,0,0
MLS0082,182 Test St,859000.0,2025-08-12,0,3030.0,13600.0,3,2,0,0,0,2018,2,Vienna,1,0,0
MLS0083,183 Test St,583100.0,2026-02-15,0,1730.0,11700.0,2,2,0,400,300,1978,2,Oakton,1,0,0
MLS0084,184 Test St,571200.0,2025-07-02,0,1450.0,11800.0,1,3,1,400,600,2008,3,Oakton,1,0,0
MLS0085,185 Test St,591500.0,2025-07-01,0,1580.0,12000.0,1,2,1,400,300,2001,3,Vienna,1,0,0
MLS0086,186 Test St,843500.0,2025-03-11,0,2840.0,12900.0,2,2,1,0,0,1985,3,Oakton,1,0,0
MLS0087,187 Test St,706400.0,2025-04-14,0,2320.0,6500.0,1,2,0,0,0,1985,2,Dunn Loring,1,0,0
MLS0088,188 Test St,720700.0,2026-04-11,0,1720.0,9300.0,2,3,0,800,300,2007,3,Dunn Loring,1,0,0
MLS0089,189 Test St,849500.0,2025-09-02,0,2400.0,10900.0,3,3,0,400,300,2003,2,Dunn Loring,1,0,0
MLS0090,190 Test St,639500.0,2025-05-05,5000,1700.0,9000.0,1,2,1,400,600,2002,3,Oakton,1,0,0
MLS0091,191 Test St,839600.0,2026-02-21,0,2790.0,13600.0,1,2,1,400,300,1977,2,Oakton,1,0,0
MLS0092,192 Test St,800000.0,2025-10-31,0,2290.0,10300.0,3,2,0,1200,600,2001,3,Oakton,1,0,0
MLS0093,193 Test St,742300.0,2025-01-12,0,2160.0,12900.0,2,3,1,800,0,2019,3,Oakton,1,0,0
MLS0094,194 Test St,714300.0,2025-06-23,0,2000.0,13700.0,1,3,0,400,300,1975,2,Dunn Loring,1,0,0
MLS0095,195 Test St,805200.0,2025-04-07,5000,2660.0,10500.0,3,2,1,0,0,1996,3,Vienna,1,0,0
MLS0096,196 Test St,778600.0,2025-12-26,0,2120.0,14200.0,3,2,1,1200,300,1997,2,Oakton,1,0,0
MLS0097,197 Test St,684000.0,2025-05-31,0,1580.0,11300.0,2,3,1,1200,0,2015,3,Dunn Loring,1,0,0
MLS0098,198 Test St,593300.0,2025-02-05,0,1640.0,13700.0,2,3,0,0,300,1987,2,Oakton,1,0,0
MLS0099,199 Test St,936100.0,2025-01-31,0,3320.0,9100.0,2,2,1,1200,300,1996,3,Oakton,1,0,0
MLS0100,200 Test St,933300.0,2025-11-15,0,3220.0,10500.0,1,2,0,800,0,2007,2,Oakton,1,0,0
MLS0101,201 Test St,819000.0,2025-01-12,0,2800.0,10800.0,2,3,1,0,0,1977,3,Vienna,1,0,0
MLS0102,202 Test St,754900.0,2026-04-11,0,1930.0,6900.0,2,3,0,1200,300,2011,3,Dunn Loring,1,0,0
MLS0103,203 Test St,879400.0,2025-03-27,5000,3340.0,9600.0,2,3,1,0,600,2011,3,Oakton,1,0,0
MLS0104,204 Test St,987400.0,2025-11-29,5000,2960.0,14300.0,3,2,0,0,0,2007,3,Dunn Loring,1,0,0
MLS0105,205 Test St,890200.0,2025-09-01,0,2830.0,11700.0,1,2,0,0,300,2004,3,Dunn Loring,1,0,0
MLS0106,206 Test St,771400.0,2025-08-31,0,2300.0,7600.0,2,3,1,400,0,2008,3,Dunn Loring,1,0,0
MLS0107,207 Test St,657900.0,2025-02-09,0,1940.0,9000.0,2,3,1,800,600,2010,2,Oakton,1,0,0
MLS0108,208 Test St,657300.0,2026-03-16,0,1590.0,7700.0,3,3,0,400,300,2015,3,Oakton,1,0,0
MLS0109,209 Test St,929500.0,2026-05-05,0,3210.0,6200.0,2,2,1,0,600,1994,2,Dunn Loring,1,0,0
MLS0110,210 Test St,742100.0,2025-01-07,0,2310.0,14300.0,2,3,0,0,0,1995,3,Oakton,1,0,0
MLS0111,211 Test St,650200.0,2025-04-08,0,1800.0,10000.0,2,2,0,1200,0,2003,2,Vienna,1,0,0
MLS0112,212 Test St,754600.0,2026-05-11,0,2010.0,8800.0,2,2,0,1200,300,1983,3,Dunn Loring,1,0,0
MLS0113,213 Test St,847500.0,2025-10-29,0,2560.0,11400.0,2,3,0,1200,300,2013,3,Oakton,1,0,0
MLS0114,214 Test St,636100.0,2025-03-24,0,1750.0,6100.0,2,3,0,0,600,2009,2,Dunn Loring,1,0,0
MLS0115,215 Test St,939300.0,2025-04-22,0,3110.0,8500.0,2,3,0,1200,600,2003,2,Dunn Loring,1,0,0
MLS0116,216 Test St,907900.0,2025-12-28,5000,2920.0,12300.0,2,3,0,800,600,1988,3,Vienna,1,0,0
MLS0117,217 Test St,903800.0,2026-02-02,0,2840.0,11700.0,3,2,0,800,300,1990,3,Vienna,1,0,0
MLS0118,218 Test St,792500.0,2025-11-25,0,2260.0,14800.0,2,3,0,0,300,1994,2,Dunn Loring,1,0,0
MLS0119,219 Test St,891900.0,2026-06-07,0,2650.0,11600.0,2,2,1,1200,300,2004,3,Vienna,1,0,0
MLS0120,220 Test St,796100.0,2025-09-28,0,2570.0,10300.0,1,2,1,400,0,2010,3,Vienna,1,0,0
MLS0121,221 Test St,849900.0,2025-06-14,0,2700.0,12900.0,2,3,0,0,300,2005,2,Dunn Loring,1,0,0
MLS0122,222 Test St,583000.0,2025-09-19,5000,1570.0,14100.0,2,3,0,0,300,2016,2,Vienna,1,0,0
MLS0123,223 Test St,761100.0,2025-07-17,5000,2230.0,12500.0,2,3,1,400,0,2018,2,Oakton,1,0,0
MLS0124,224 Test St,588200.0,2025-05-03,0,1480.0,14700.0,1,2,1,0,0,2006,3,Oakton,1,0,0
MLS0125,225 Test St,785100.0,2025-01-26,5000,2390.0,13000.0,3,3,1,400,300,1991,2,Oakton,1,0,0
MLS0126,226 Test St,708200.0,2025-07-12,0,2060.0,13800.0,2,2,1,400,300,2001,3,Vienna,1,0,0
MLS0127,227 Test St,633400.0,2026-01-25,0,1690.0,7000.0,2,3,1,1200,600,1994,3,Vienna,1,0,0
MLS0128,228 Test St,551800.0,2025-01-11,0,1610.0,12600.0,1,3,1,0,300,2003,2,Vienna,1,0,0
MLS0129,229 Test St,855900.0,2025-08-29,0,2580.0,10000.0,3,3,0,800,600,2011,3,Oakton,1,0,0
MLS0130,230 Test St,714300.0,2025-12-19,5000,1740.0,11000.0,1,2,0,1200,300,1991,3,Dunn Loring,1,0,0
MLS0131,231 Test St,1030700.0,2025-12-01,0,3250.0,11900.0,1,2,0,1200,0,1997,2,Dunn Loring,1,0,0
MLS0132,232 Test St,833800.0,2026-03-02,0,2560.0,14700.0,3,2,0,1200,0,1977,2,Oakton,1,0,0
MLS0133,233 Test St,737600.0,2026-03-21,5000,2090.0,14900.0,3,3,1,0,600,2008,2,Vienna,1,0,0
MLS0134,234 Test St,847000.0,2026-01-25,0,2580.0,8600.0,2,3,1,1200,300,1997,2,Vienna,1,0,0
MLS0135,235 Test St,552000.0,2025-02-26,0,1450.0,12600.0,2,2,1,1200,0,1995,2,Vienna,1,0,0
MLS0136,236 Test St,1019900.0,2025-09-18,0,3320.0,12700.0,2,3,0,400,300,1998,3,Oakton,1,0,0
MLS0137,237 Test St,801200.0,2025-11-27,0,2360.0,9100.0,3,3,0,400,600,1984,2,Dunn Loring,1,0,0
MLS0138,238 Test St,897400.0,2025-05-15,5000,2970.0,7100.0,2,2,0,800,300,2001,2,Dunn Loring,1,0,0
MLS0139,239 Test St,549800.0,2025-01-24,0,1570.0,6400.0,2,2,1,400,0,2008,3,Vienna,1,0,0
MLS0140,240 Test St,811300.0,2025-05-03,0,2370.0,13000.0,2,3,0,400,0,1990,3,Dunn Loring,1,0,0
MLS0141,241 Test St,862000.0,2025-09-07,5000,2380.0,10400.0,2,3,0,1200,600,1980,3,Dunn Loring,1,0,0
MLS0142,242 Test St,998700.0,2025-08-15,5000,3280.0,14900.0,2,2,1,1200,600,1992,3,Oakton,1,0,0
MLS0143,243 Test St,765900.0,2025-04-07,0,2540.0,10200.0,2,3,1,400,600,1983,2,Vienna,1,0,0
MLS0144,244 Test St,826800.0,2026-03-28,0,2350.0,14800.0,1,3,1,1200,600,1991,2,Vienna,1,0,0
MLS0145,245 Test St,761700.0,2026-05-23,0,1930.0,9700.0,3,3,0,400,0,2003,3,Dunn Loring,1,0,0
MLS0146,246 Test St,739300.0,2025-04-21,5000,2060.0,13100.0,3,3,0,1200,0,1980,3,Oakton,1,0,0
MLS0147,247 Test St,891400.0,2026-05-25,5000,2440.0,6800.0,2,3,0,800,0,2008,3,Vienna,1,0,0
MLS0148,248 Test St,748300.0,2025-01-10,0,2280.0,11000.0,1,2,0,400,0,1985,2,Dunn Loring,1,0,0
MLS0149,249 Test St,593800.0,2026-05-22,0,1440.0,13200.0,2,2,1,0,600,2015,3,Oakton,1,0,0
MLS0150,250 Test St,976600.0,2026-06-06,0,3050.0,14300.0,2,2,0,800,600,2007,3,Dunn Loring,1,0,0
MLS0151,251 Test St,845000.0,2025-01-07,5000,3190.0,13400.0,1,3,0,400,0,1987,2,Oakton,1,0,0
MLS0152,252 Test St,695200.0,2026-02-23,5000,1680.0,6300.0,3,2,1,0,600,2000,3,Dunn Loring,1,0,0
MLS0153,253 Test St,844400.0,2026-06-16,0,2510.0,9400.0,2,2,0,0,300,1979,3,Dunn Loring,1,0,0
MLS0154,254 Test St,622000.0,2026-05-12,0,1620.0,6400.0,2,3,0,1200,0,1979,2,Oakton,1,0,0
MLS0155,255 Test St,885600.0,2026-06-16,0,2740.0,7000.0,3,2,0,0,600,2018,2,Dunn Loring,1,0,0
MLS0156,256 Test St,754300.0,2025-10-29,0,1960.0,12100.0,2,2,0,1200,600,2011,3,Oakton,1,0,0
MLS0157,257 Test St,782900.0,2025-02-12,5000,2720.0,12400.0,2,2,0,1200,300,1981,2,Vienna,1,0,0
MLS0158,258 Test St,809600.0,2026-04-11,0,2850.0,13000.0,2,2,1,0,600,1987,2,Vienna,1,0,0
MLS0159,259 Test St,924200.0,2025-12-03,0,2940.0,13800.0,2,2,1,800,300,1983,2,Dunn Loring,1,0,0
MLS0160,260 Test St,640200.0,2025-12-03,5000,1620.0,12700.0,2,3,0,800,600,1992,2,Oakton,1,0,0
MLS0161,261 Test St,933600.0,2025-08-17,0,3230.0,13200.0,2,2,0,400,300,1988,3,Oakton,1,0,0
MLS0162,262 Test St,651000.0,2025-11-10,5000,1860.0,6400.0,3,2,0,800,600,1989,3,Vienna,1,0,0
MLS0163,263 Test St,538200.0,2025-03-26,0,1470.0,8100.0,2,3,1,400,0,1998,2,Vienna,1,0,0
MLS0164,264 Test St,784300.0,2026-02-10,5000,2510.0,11600.0,1,2,1,400,0,1983,3,Vienna,1,0,0
MLS0165,265 Test St,734200.0,2025-02-11,0,2140.0,13700.0,2,3,1,400,600,2014,3,Oakton,1,0,0
MLS0166,266 Test St,884700.0,2026-02-04,0,3060.0,6000.0,2,3,0,1200,0,2007,2,Oakton,1,0,0
MLS0167,267 Test St,1008100.0,2026-04-11,0,3020.0,10600.0,1,3,0,800,0,2009,3,Dunn Loring,1,0,0
MLS0168,268 Test St,688800.0,2025-09-16,0,2030.0,12100.0,1,2,0,400,600,1982,2,Oakton,1,0,0
MLS0169,269 Test St,971500.0,2025-10-07,0,3310.0,6300.0,2,2,0,1200,0,2006,3,Oakton,1,0,0
MLS0170,270 Test St,793000.0,2025-06-21,0,1980.0,9600.0,2,3,0,1200,300,2012,3,Dunn Loring,1,0,0
MLS0171,271 Test St,942600.0,2026-06-16,0,2430.0,14100.0,3,2,1,1200,0,1982,3,Oakton,1,0,0
MLS0172,272 Test St,643700.0,2026-02-06,0,1910.0,12000.0,2,3,0,800,0,2008,2,Vienna,1,0,0
MLS0173,273 Test St,890000.0,2025-07-22,0,3270.0,8100.0,1,2,1,400,600,1991,3,Oakton,1,0,0
MLS0174,274 Test St,669600.0,2025-04-06,0,1730.0,13700.0,2,2,1,1200,0,2010,2,Dunn Loring,1,0,0
MLS0175,275 Test St,530700.0,2025-05-01,0,1490.0,9100.0,3,3,1,400,0,1996,2,Vienna,1,0,0
MLS0176,276 Test St,780900.0,2025-09-12,5000,2270.0,13700.0,2,3,0,400,600,2011,2,Dunn Loring,1,0,0
MLS0177,277 Test St,969900.0,2026-06-01,0,3380.0,8700.0,2,3,1,400,600,1981,3,Oakton,1,0,0
MLS0178,278 Test St,880900.0,2026-02-07,5000,3180.0,11300.0,1,3,0,1200,0,1992,2,Vienna,1,0,0
MLS0179,279 Test St,907600.0,2025-04-28,0,2900.0,9600.0,2,2,0,800,600,1987,3,Dunn Loring,1,0,0
MLS0180,280 Test St,939100.0,2026-04-16,0,3180.0,8500.0,2,3,0,400,300,1986,3,Oakton,1,0,0
MLS0181,281 Test St,914200.0,2025-07-27,0,3190.0,14000.0,2,3,0,400,600,1988,2,Oakton,1,0,0
MLS0182,282 Test St,796200.0,2026-04-12,5000,2440.0,7700.0,1,2,1,400,0,1992,2,Oakton,1,0,0
MLS0183,283 Test St,725000.0,2025-05-13,5000,2030.0,6800.0,2,2,1,800,600,1980,2,Dunn Loring,1,0,0
MLS0184,284 Test St,877400.0,2025-12-05,0,2940.0,9100.0,3,3,1,400,300,2006,3,Vienna,1,0,0
MLS0185,285 Test St,929400.0,2026-05-23,0,2720.0,12500.0,2,2,0,800,600,1999,3,Vienna,1,0,0
MLS0186,286 Test St,709800.0,2025-05-22,0,2150.0,13300.0,2,3,0,400,300,2012,2,Vienna,1,0,0
MLS0187,287 Test St,581300.0,2026-01-15,0,1590.0,15000.0,1,2,1,400,600,2006,3,Vienna,1,0,0
MLS0188,288 Test St,841400.0,2026-06-25,0,2890.0,8700.0,2,2,0,1200,300,1981,2,Vienna,1,0,0
MLS0189,289 Test St,607000.0,2025-03-24,0,1920.0,9700.0,2,2,1,400,0,1978,3,Vienna,1,0,0
MLS0190,290 Test St,872000.0,2025-02-18,5000,3270.0,7200.0,2,2,1,0,600,1994,3,Vienna,1,0,0
MLS0191,291 Test St,712200.0,2026-01-05,5000,1880.0,11200.0,3,3,1,400,600,1996,3,Oakton,1,0,0
MLS0192,292 Test St,682500.0,2025-07-06,0,1650.0,15000.0,3,3,1,800,0,1985,3,Dunn Loring,1,0,0
MLS0193,293 Test St,978300.0,2025-02-09,0,3060.0,12300.0,3,3,0,0,300,2010,3,Dunn Loring,1,0,0
MLS0194,294 Test St,643600.0,2025-09-18,0,1710.0,11400.0,3,3,0,400,300,2001,2,Oakton,1,0,0
MLS0195,295 Test St,627500.0,2026-02-17,0,1760.0,9500.0,3,2,0,0,300,2008,2,Vienna,1,0,0
MLS0196,296 Test St,782400.0,2025-06-06,0,2600.0,14200.0,1,3,0,800,600,1979,2,Oakton,1,0,0
MLS0197,297 Test St,905200.0,2025-07-03,0,3150.0,10500.0,1,3,0,800,600,2011,2,Dunn Loring,1,0,0
MLS0198,298 Test St,730200.0,2026-04-09,0,1790.0,7200.0,2,3,1,1200,0,1984,3,Dunn Loring,1,0,0
MLS0199,299 Test St,755800.0,2025-10-12,0,2020.0,9300.0,2,3,0,400,600,1995,3,Dunn Loring,1,0,0
MLS0200,300 Test St,867600.0,2026-04-07,0,2950.0,6600.0,1,3,1,1200,300,1994,3,Oakton,1,0,0
MLS0201,301 Test St,921000.0,2025-09-02,5000,3340.0,7800.0,3,3,1,0,600,2011,2,Oakton,1,0,0
MLS0202,302 Test St,843200.0,2026-06-07,0,2400.0,6200.0,2,3,1,1200,600,1987,3,Oakton,1,0,0
MLS0203,303 Test St,629300.0,2025-12-23,5000,1690.0,10100.0,2,3,0,800,300,1985,2,Oakton,1,0,0
MLS0204,304 Test St,548100.0,2025-03-05,0,1430.0,11700.0,1,3,1,1200,300,1990,2,Oakton,1,0,0
MLS0205,305 Test St,699300.0,2026-04-30,0,1860.0,9100.0,2,2,0,1200,300,1991,3,Oakton,1,0,0
MLS0206,306 Test St,656900.0,2025-09-26,0,1660.0,9800.0,1,2,0,800,600,1983,3,Dunn Loring,1,0,0
MLS0207,307 Test St,853700.0,2025-03-19,0,2760.0,14600.0,3,3,0,400,300,1982,3,Oakton,1,0,0
MLS0208,308 Test St,605500.0,2025-03-25,0,1640.0,12800.0,2,2,0,800,0,1985,2,Oakton,1,0,0
MLS0209,309 Test St,900500.0,2026-01-12,0,2410.0,10900.0,2,2,0,1200,300,1996,3,Dunn Loring,1,0,0
MLS0210,310 Test St,803400.0,2025-01-26,5000,2790.0,8600.0,2,3,0,1200,0,1990,2,Vienna,1,0,0
MLS0211,311 Test St,876800.0,2025-06-07,0,2560.0,14100.0,2,3,1,1200,300,1992,3,Dunn Loring,1,0,0
MLS0212,312 Test St,622500.0,2025-03-18,0,1800.0,8100.0,2,3,0,0,0,2007,3,Vienna,1,0,0
MLS0213,313 Test St,919700.0,2025-08-30,5000,3010.0,8900.0,2,2,0,800,0,1985,2,Dunn Loring,1,0,0
MLS0214,314 Test St,820100.0,2025-08-16,5000,2830.0,14200.0,2,2,1,0,600,2015,2,Vienna,1,0,0
MLS0215,315 Test St,875100.0,2025-10-13,0,2880.0,10800.0,2,3,1,800,0,2008,2,Vienna,1,0,0
MLS0216,316 Test St,659400.0,2025-06-03,0,1660.0,12700.0,3,3,1,1200,300,1982,3,Vienna,1,0,0
MLS0217,317 Test St,561100.0,2025-01-18,0,1650.0,11300.0,1,2,0,0,600,1989,2,Vienna,1,0,0
MLS0218,318 Test St,1020700.0,2025-12-03,0,3260.0,11900.0,3,3,1,800,600,1983,3,Oakton,1,0,0
MLS0219,319 Test St,714500.0,2025-07-24,0,2200.0,8700.0,1,2,1,1200,300,1987,3,Vienna,1,0,0
MLS0220,320 Test St,734500.0,2025-12-23,0,2000.0,8200.0,2,3,0,1200,0,1991,3,Oakton,1,0,0
MLS0221,321 Test St,789200.0,2025-03-01,5000,2380.0,8900.0,3,3,0,400,600,1980,2,Dunn Loring,1,0,0
MLS0222,322 Test St,793700.0,2025-01-08,5000,2730.0,7400.0,1,3,1,0,600,1975,3,Oakton,1,0,0
MLS0223,323 Test St,918500.0,2025-05-17,0,3310.0,13900.0,2,3,0,1200,300,1994,2,Oakton,1,0,0
MLS0224,324 Test St,686600.0,2025-09-08,0,1970.0,8500.0,2,2,0,1200,0,2006,3,Oakton,1,0,0
MLS0225,325 Test St,972600.0,2025-08-04,0,3250.0,11100.0,2,2,1,800,0,1988,3,Dunn Loring,1,0,0
MLS0226,326 Test St,623200.0,2026-03-20,0,1450.0,13100.0,2,2,1,1200,0,2013,3,Oakton,1,0,0
MLS0227,327 Test St,798700.0,2025-07-27,0,2510.0,13100.0,3,3,1,0,0,1991,3,Vienna,1,0,0
MLS0228,328 Test St,870800.0,2025-10-18,0,2670.0,9900.0,3,3,1,800,600,2015,2,Dunn Loring,1,0,0
MLS0229,329 Test St,565700.0,2025-11-22,0,1610.0,10300.0,2,3,1,0,0,1985,2,Oakton,1,0,0
MLS0230,330 Test St,663300.0,2025-01-12,0,1680.0,15000.0,2,2,0,1200,0,1999,2,Dunn Loring,1,0,0
MLS0231,331 Test St,764200.0,2025-10-10,0,2240.0,12100.0,2,2,0,800,600,2009,2,Oakton,1,0,0
MLS0232,332 Test St,957300.0,2025-07-08,0,3330.0,13300.0,2,3,1,1200,600,1977,2,Oakton,1,0,0
MLS0233,333 Test St,864200.0,2025-08-19,5000,2590.0,14100.0,1,3,0,800,0,2016,2,Vienna,1,0,0
MLS0234,334 Test St,931600.0,2025-02-24,0,3270.0,13100.0,3,3,0,0,300,1991,2,Dunn Loring,1,0,0
MLS0235,335 Test St,892200.0,2026-03-05,5000,3010.0,7700.0,3,2,1,0,300,1997,2,Oakton,1,0,0
MLS0236,336 Test St,742300.0,2026-06-01,0,2330.0,11100.0,2,2,1,400,300,2003,2,Vienna,1,0,0
MLS0237,337 Test St,840100.0,2025-01-13,5000,2970.0,6900.0,2,3,0,800,600,2003,3,Oakton,1,0,0
MLS0238,338 Test St,577500.0,2025-11-26,0,1440.0,11900.0,2,3,0,0,600,1976,3,Vienna,1,0,0
MLS0239,339 Test St,623600.0,2026-02-23,5000,1620.0,14600.0,2,2,1,1200,600,2014,2,Vienna,1,0,0
